<?xml version="1.0" encoding="UTF-8"?>
<model>
  <entity name="dependency-report" root="true">
    <attribute name="domain" value-type="String" />
    <attribute name="startTime" value-type="Date" format="yyyy-MM-dd HH:mm:ss" />
    <attribute name="endTime" value-type="Date" format="yyyy-MM-dd HH:mm:ss" />
    <entity-ref name="segment" type="list" names="segments" />
  </entity>
  <entity name="segment">
    <attribute name="id" value-type="int" />
    <attribute name="exception-count" value-type="int" />
    <entity-ref name="index" type="list" names="indexs" />
    <entity-ref name="dependency" type="list" names="dependencies" />
  </entity>
  <entity name="index">
    <attribute name="name" value-type="String" />
    <attribute name="total-count" value-type="int" />
    <attribute name="error-count" value-type="int" />
    <attribute name="sum" value-type="double" />
    <attribute name="avg" value-type="double" />
  </entity>
  <entity name="dependency">
    <attribute name="type" value-type="String" />
    <attribute name="target" value-type="String" />
    <attribute name="total-count" value-type="int" />
    <attribute name="avg" value-type="double" />
    <attribute name="error-count" value-type="int" />
  </entity>
</model>

