<?xml version="1.0" encoding="UTF-8"?>
<model>
	<entity name="matrix-report" root="true">
		<attribute name="domain" value-type="String" />
		<attribute name="startTime" value-type="Date" format="yyyy-MM-dd HH:mm:ss" />
		<attribute name="endTime" value-type="Date" format="yyyy-MM-dd HH:mm:ss" />
		<element name="domain" value-type="String" type="list" names="domains" />
		<entity-ref name="matrix" type="list" names="matrixs" />
	</entity>
	<entity name="matrix">
		<attribute name="type" value-type="String" />
		<attribute name="name" value-type="String" />
		<attribute name="count" value-type="int" method-inc="true" />
		<attribute name="totalTime" value-type="double" />
		<attribute name="url" value-type="String" />
		<entity-ref name="ratio" type="list" names="ratios" />
	</entity>
	<entity name="ratio">
		<attribute name="type" value-type="String" />
		<attribute name="min" value-type="int" />
		<attribute name="max" value-type="int" />
		<attribute name="totalCount" value-type="int" method-inc="true" />
		<attribute name="totalTime" value-type="double" />
	</entity>
</model>

