<plexus>
	<components>
		<component>
			<role>com.dianping.cat.analysis.MessageAnalyzer</role>
			<role-hint>transaction</role-hint>
			<implementation>com.dianping.cat.consumer.transaction.TransactionAnalyzer</implementation>
			<instantiation-strategy>per-lookup</instantiation-strategy>
			<requirements>
				<requirement>
					<role>com.dianping.cat.report.ReportManager</role>
					<role-hint>transaction</role-hint>
				</requirement>
				<requirement>
					<role>com.dianping.cat.config.server.ServerFilterConfigManager</role>
				</requirement>
				<requirement>
					<role>com.dianping.cat.config.transaction.TpValueStatisticConfigManager</role>
				</requirement>
				<requirement>
					<role>com.dianping.cat.config.AtomicMessageConfigManager</role>
				</requirement>
				<requirement>
					<role>com.dianping.cat.config.server.ServerConfigManager</role>
				</requirement>
			</requirements>
		</component>
		<component>
			<role>com.dianping.cat.report.ReportDelegate</role>
			<role-hint>transaction</role-hint>
			<implementation>com.dianping.cat.consumer.transaction.TransactionDelegate</implementation>
			<requirements>
				<requirement>
					<role>com.dianping.cat.task.TaskManager</role>
				</requirement>
				<requirement>
					<role>com.dianping.cat.config.server.ServerFilterConfigManager</role>
				</requirement>
				<requirement>
					<role>com.dianping.cat.consumer.config.AllReportConfigManager</role>
				</requirement>
				<requirement>
					<role>com.dianping.cat.config.server.ServerConfigManager</role>
				</requirement>
				<requirement>
					<role>com.dianping.cat.config.AtomicMessageConfigManager</role>
				</requirement>
			</requirements>
		</component>
		<component>
			<role>com.dianping.cat.report.ReportManager</role>
			<role-hint>transaction</role-hint>
			<implementation>com.dianping.cat.report.DefaultReportManager</implementation>
			<instantiation-strategy>per-lookup</instantiation-strategy>
			<configuration>
				<name>transaction</name>
			</configuration>
			<requirements>
				<requirement>
					<role>com.dianping.cat.report.ReportDelegate</role>
					<role-hint>transaction</role-hint>
				</requirement>
				<requirement>
					<role>com.dianping.cat.report.ReportBucketManager</role>
				</requirement>
				<requirement>
					<role>com.dianping.cat.core.dal.HourlyReportDao</role>
				</requirement>
				<requirement>
					<role>com.dianping.cat.core.dal.HourlyReportContentDao</role>
				</requirement>
				<requirement>
					<role>com.dianping.cat.report.DomainValidator</role>
				</requirement>
			</requirements>
		</component>
		<component>
			<role>com.dianping.cat.analysis.MessageAnalyzer</role>
			<role-hint>event</role-hint>
			<implementation>com.dianping.cat.consumer.event.EventAnalyzer</implementation>
			<instantiation-strategy>per-lookup</instantiation-strategy>
			<requirements>
				<requirement>
					<role>com.dianping.cat.report.ReportManager</role>
					<role-hint>event</role-hint>
				</requirement>
				<requirement>
					<role>com.dianping.cat.config.AtomicMessageConfigManager</role>
				</requirement>
				<requirement>
					<role>com.dianping.cat.config.server.ServerConfigManager</role>
				</requirement>
			</requirements>
		</component>
		<component>
			<role>com.dianping.cat.report.ReportDelegate</role>
			<role-hint>event</role-hint>
			<implementation>com.dianping.cat.consumer.event.EventDelegate</implementation>
			<requirements>
				<requirement>
					<role>com.dianping.cat.task.TaskManager</role>
				</requirement>
				<requirement>
					<role>com.dianping.cat.config.server.ServerFilterConfigManager</role>
				</requirement>
				<requirement>
					<role>com.dianping.cat.consumer.config.AllReportConfigManager</role>
				</requirement>
				<requirement>
					<role>com.dianping.cat.config.server.ServerConfigManager</role>
				</requirement>
				<requirement>
					<role>com.dianping.cat.config.AtomicMessageConfigManager</role>
				</requirement>
			</requirements>
		</component>
		<component>
			<role>com.dianping.cat.report.ReportManager</role>
			<role-hint>event</role-hint>
			<implementation>com.dianping.cat.report.DefaultReportManager</implementation>
			<instantiation-strategy>per-lookup</instantiation-strategy>
			<configuration>
				<name>event</name>
			</configuration>
			<requirements>
				<requirement>
					<role>com.dianping.cat.report.ReportDelegate</role>
					<role-hint>event</role-hint>
				</requirement>
				<requirement>
					<role>com.dianping.cat.report.ReportBucketManager</role>
				</requirement>
				<requirement>
					<role>com.dianping.cat.core.dal.HourlyReportDao</role>
				</requirement>
				<requirement>
					<role>com.dianping.cat.core.dal.HourlyReportContentDao</role>
				</requirement>
				<requirement>
					<role>com.dianping.cat.report.DomainValidator</role>
				</requirement>
			</requirements>
		</component>
		<component>
			<role>com.dianping.cat.consumer.problem.ProblemHandler</role>
			<role-hint>default-problem</role-hint>
			<implementation>com.dianping.cat.consumer.problem.DefaultProblemHandler</implementation>
			<configuration>
				<errorType>Error,RuntimeException,Exception</errorType>
			</configuration>
			<requirements>
				<requirement>
					<role>com.dianping.cat.config.server.ServerConfigManager</role>
				</requirement>
			</requirements>
		</component>
		<component>
			<role>com.dianping.cat.consumer.problem.ProblemHandler</role>
			<role-hint>long-execution</role-hint>
			<implementation>com.dianping.cat.consumer.problem.LongExecutionProblemHandler</implementation>
			<requirements>
				<requirement>
					<role>com.dianping.cat.config.server.ServerConfigManager</role>
				</requirement>
			</requirements>
		</component>
		<component>
			<role>com.dianping.cat.analysis.MessageAnalyzer</role>
			<role-hint>problem</role-hint>
			<implementation>com.dianping.cat.consumer.problem.ProblemAnalyzer</implementation>
			<instantiation-strategy>per-lookup</instantiation-strategy>
			<requirements>
				<requirement>
					<role>com.dianping.cat.report.ReportManager</role>
					<role-hint>problem</role-hint>
				</requirement>
				<requirement>
					<role>com.dianping.cat.config.server.ServerConfigManager</role>
				</requirement>
				<requirement>
					<role>com.dianping.cat.consumer.problem.ProblemHandler</role>
					<role-hints>
						<role-hint>default-problem</role-hint>
						<role-hint>long-execution</role-hint>
					</role-hints>
					<field-name>m_handlers</field-name>
				</requirement>
			</requirements>
		</component>
		<component>
			<role>com.dianping.cat.report.ReportManager</role>
			<role-hint>problem</role-hint>
			<implementation>com.dianping.cat.report.DefaultReportManager</implementation>
			<instantiation-strategy>per-lookup</instantiation-strategy>
			<configuration>
				<name>problem</name>
			</configuration>
			<requirements>
				<requirement>
					<role>com.dianping.cat.report.ReportDelegate</role>
					<role-hint>problem</role-hint>
				</requirement>
				<requirement>
					<role>com.dianping.cat.report.ReportBucketManager</role>
				</requirement>
				<requirement>
					<role>com.dianping.cat.core.dal.HourlyReportDao</role>
				</requirement>
				<requirement>
					<role>com.dianping.cat.core.dal.HourlyReportContentDao</role>
				</requirement>
				<requirement>
					<role>com.dianping.cat.report.DomainValidator</role>
				</requirement>
			</requirements>
		</component>
		<component>
			<role>com.dianping.cat.report.ReportDelegate</role>
			<role-hint>problem</role-hint>
			<implementation>com.dianping.cat.consumer.problem.ProblemDelegate</implementation>
			<requirements>
				<requirement>
					<role>com.dianping.cat.task.TaskManager</role>
				</requirement>
				<requirement>
					<role>com.dianping.cat.config.server.ServerFilterConfigManager</role>
				</requirement>
			</requirements>
		</component>
		<component>
			<role>com.dianping.cat.analysis.MessageAnalyzer</role>
			<role-hint>heartbeat</role-hint>
			<implementation>com.dianping.cat.consumer.heartbeat.HeartbeatAnalyzer</implementation>
			<instantiation-strategy>per-lookup</instantiation-strategy>
			<requirements>
				<requirement>
					<role>com.dianping.cat.report.ReportManager</role>
					<role-hint>heartbeat</role-hint>
				</requirement>
				<requirement>
					<role>com.dianping.cat.config.server.ServerFilterConfigManager</role>
				</requirement>
				<requirement>
					<role>com.dianping.cat.config.server.ServerConfigManager</role>
				</requirement>
			</requirements>
		</component>
		<component>
			<role>com.dianping.cat.report.ReportDelegate</role>
			<role-hint>heartbeat</role-hint>
			<implementation>com.dianping.cat.consumer.heartbeat.HeartbeatDelegate</implementation>
			<requirements>
				<requirement>
					<role>com.dianping.cat.task.TaskManager</role>
				</requirement>
				<requirement>
					<role>com.dianping.cat.config.server.ServerFilterConfigManager</role>
				</requirement>
			</requirements>
		</component>
		<component>
			<role>com.dianping.cat.report.ReportManager</role>
			<role-hint>heartbeat</role-hint>
			<implementation>com.dianping.cat.report.DefaultReportManager</implementation>
			<instantiation-strategy>per-lookup</instantiation-strategy>
			<configuration>
				<name>heartbeat</name>
			</configuration>
			<requirements>
				<requirement>
					<role>com.dianping.cat.report.ReportDelegate</role>
					<role-hint>heartbeat</role-hint>
				</requirement>
				<requirement>
					<role>com.dianping.cat.report.ReportBucketManager</role>
				</requirement>
				<requirement>
					<role>com.dianping.cat.core.dal.HourlyReportDao</role>
				</requirement>
				<requirement>
					<role>com.dianping.cat.core.dal.HourlyReportContentDao</role>
				</requirement>
				<requirement>
					<role>com.dianping.cat.report.DomainValidator</role>
				</requirement>
			</requirements>
		</component>
		<component>
			<role>com.dianping.cat.analysis.MessageAnalyzer</role>
			<role-hint>top</role-hint>
			<implementation>com.dianping.cat.consumer.top.TopAnalyzer</implementation>
			<instantiation-strategy>per-lookup</instantiation-strategy>
			<configuration>
				<errorType>Error,RuntimeException,Exception</errorType>
			</configuration>
			<requirements>
				<requirement>
					<role>com.dianping.cat.report.ReportManager</role>
					<role-hint>top</role-hint>
				</requirement>
				<requirement>
					<role>com.dianping.cat.config.server.ServerFilterConfigManager</role>
				</requirement>
				<requirement>
					<role>com.dianping.cat.config.server.ServerConfigManager</role>
				</requirement>
			</requirements>
		</component>
		<component>
			<role>com.dianping.cat.report.ReportDelegate</role>
			<role-hint>top</role-hint>
			<implementation>com.dianping.cat.consumer.top.TopDelegate</implementation>
		</component>
		<component>
			<role>com.dianping.cat.report.ReportManager</role>
			<role-hint>top</role-hint>
			<implementation>com.dianping.cat.report.DefaultReportManager</implementation>
			<instantiation-strategy>per-lookup</instantiation-strategy>
			<configuration>
				<name>top</name>
			</configuration>
			<requirements>
				<requirement>
					<role>com.dianping.cat.report.ReportDelegate</role>
					<role-hint>top</role-hint>
				</requirement>
				<requirement>
					<role>com.dianping.cat.report.ReportBucketManager</role>
				</requirement>
				<requirement>
					<role>com.dianping.cat.core.dal.HourlyReportDao</role>
				</requirement>
				<requirement>
					<role>com.dianping.cat.core.dal.HourlyReportContentDao</role>
				</requirement>
				<requirement>
					<role>com.dianping.cat.report.DomainValidator</role>
				</requirement>
			</requirements>
		</component>
		<component>
			<role>com.dianping.cat.analysis.MessageAnalyzer</role>
			<role-hint>dump</role-hint>
			<implementation>com.dianping.cat.consumer.dump.DumpAnalyzer</implementation>
			<instantiation-strategy>per-lookup</instantiation-strategy>
			<requirements>
				<requirement>
					<role>com.dianping.cat.statistic.ServerStatisticManager</role>
				</requirement>
				<requirement>
					<role>org.unidal.cat.message.storage.MessageDumperManager</role>
				</requirement>
				<requirement>
					<role>org.unidal.cat.message.storage.MessageFinderManager</role>
				</requirement>
				<requirement>
					<role>com.dianping.cat.config.server.ServerConfigManager</role>
				</requirement>
			</requirements>
		</component>
		<component>
			<role>com.dianping.cat.message.storage.MessageBucketManager</role>
			<role-hint>local</role-hint>
			<implementation>com.dianping.cat.consumer.dump.LocalMessageBucketManager</implementation>
			<requirements>
				<requirement>
					<role>com.dianping.cat.config.server.ServerConfigManager</role>
				</requirement>
				<requirement>
					<role>com.dianping.cat.message.PathBuilder</role>
				</requirement>
				<requirement>
					<role>com.dianping.cat.statistic.ServerStatisticManager</role>
				</requirement>
			</requirements>
		</component>
		<component>
			<role>com.dianping.cat.analysis.MessageAnalyzer</role>
			<role-hint>state</role-hint>
			<implementation>com.dianping.cat.consumer.state.StateAnalyzer</implementation>
			<instantiation-strategy>per-lookup</instantiation-strategy>
			<requirements>
				<requirement>
					<role>com.dianping.cat.report.ReportManager</role>
					<role-hint>state</role-hint>
				</requirement>
				<requirement>
					<role>com.dianping.cat.statistic.ServerStatisticManager</role>
				</requirement>
				<requirement>
					<role>com.dianping.cat.config.server.ServerFilterConfigManager</role>
				</requirement>
				<requirement>
					<role>com.dianping.cat.service.ProjectService</role>
				</requirement>
				<requirement>
					<role>com.dianping.cat.config.server.ServerConfigManager</role>
				</requirement>
			</requirements>
		</component>
		<component>
			<role>com.dianping.cat.report.ReportDelegate</role>
			<role-hint>state</role-hint>
			<implementation>com.dianping.cat.consumer.state.StateDelegate</implementation>
			<requirements>
				<requirement>
					<role>com.dianping.cat.task.TaskManager</role>
				</requirement>
				<requirement>
					<role>com.dianping.cat.report.ReportBucketManager</role>
				</requirement>
			</requirements>
		</component>
		<component>
			<role>com.dianping.cat.service.ProjectService</role>
			<implementation>com.dianping.cat.service.ProjectService</implementation>
			<requirements>
				<requirement>
					<role>com.dianping.cat.core.dal.ProjectDao</role>
				</requirement>
				<requirement>
					<role>com.dianping.cat.config.server.ServerConfigManager</role>
				</requirement>
			</requirements>
		</component>
		<component>
			<role>com.dianping.cat.report.ReportManager</role>
			<role-hint>state</role-hint>
			<implementation>com.dianping.cat.report.DefaultReportManager</implementation>
			<instantiation-strategy>per-lookup</instantiation-strategy>
			<configuration>
				<name>state</name>
			</configuration>
			<requirements>
				<requirement>
					<role>com.dianping.cat.report.ReportDelegate</role>
					<role-hint>state</role-hint>
				</requirement>
				<requirement>
					<role>com.dianping.cat.report.ReportBucketManager</role>
				</requirement>
				<requirement>
					<role>com.dianping.cat.core.dal.HourlyReportDao</role>
				</requirement>
				<requirement>
					<role>com.dianping.cat.core.dal.HourlyReportContentDao</role>
				</requirement>
				<requirement>
					<role>com.dianping.cat.report.DomainValidator</role>
				</requirement>
			</requirements>
		</component>
		<component>
			<role>com.dianping.cat.analysis.MessageAnalyzer</role>
			<role-hint>cross</role-hint>
			<implementation>com.dianping.cat.consumer.cross.CrossAnalyzer</implementation>
			<instantiation-strategy>per-lookup</instantiation-strategy>
			<requirements>
				<requirement>
					<role>com.dianping.cat.report.ReportManager</role>
					<role-hint>cross</role-hint>
				</requirement>
				<requirement>
					<role>com.dianping.cat.consumer.cross.IpConvertManager</role>
				</requirement>
				<requirement>
					<role>com.dianping.cat.config.server.ServerConfigManager</role>
				</requirement>
			</requirements>
		</component>
		<component>
			<role>com.dianping.cat.report.ReportDelegate</role>
			<role-hint>cross</role-hint>
			<implementation>com.dianping.cat.consumer.cross.CrossDelegate</implementation>
			<requirements>
				<requirement>
					<role>com.dianping.cat.task.TaskManager</role>
				</requirement>
				<requirement>
					<role>com.dianping.cat.config.server.ServerFilterConfigManager</role>
				</requirement>
			</requirements>
		</component>
		<component>
			<role>com.dianping.cat.consumer.cross.IpConvertManager</role>
			<implementation>com.dianping.cat.consumer.cross.IpConvertManager</implementation>
		</component>
		<component>
			<role>com.dianping.cat.report.ReportManager</role>
			<role-hint>cross</role-hint>
			<implementation>com.dianping.cat.report.DefaultReportManager</implementation>
			<instantiation-strategy>per-lookup</instantiation-strategy>
			<configuration>
				<name>cross</name>
			</configuration>
			<requirements>
				<requirement>
					<role>com.dianping.cat.report.ReportDelegate</role>
					<role-hint>cross</role-hint>
				</requirement>
				<requirement>
					<role>com.dianping.cat.report.ReportBucketManager</role>
				</requirement>
				<requirement>
					<role>com.dianping.cat.core.dal.HourlyReportDao</role>
				</requirement>
				<requirement>
					<role>com.dianping.cat.core.dal.HourlyReportContentDao</role>
				</requirement>
				<requirement>
					<role>com.dianping.cat.report.DomainValidator</role>
				</requirement>
			</requirements>
		</component>
		<component>
			<role>com.dianping.cat.analysis.MessageAnalyzer</role>
			<role-hint>matrix</role-hint>
			<implementation>com.dianping.cat.consumer.matrix.MatrixAnalyzer</implementation>
			<instantiation-strategy>per-lookup</instantiation-strategy>
			<requirements>
				<requirement>
					<role>com.dianping.cat.report.ReportManager</role>
					<role-hint>matrix</role-hint>
				</requirement>
				<requirement>
					<role>com.dianping.cat.config.server.ServerConfigManager</role>
				</requirement>
			</requirements>
		</component>
		<component>
			<role>com.dianping.cat.report.ReportDelegate</role>
			<role-hint>matrix</role-hint>
			<implementation>com.dianping.cat.consumer.matrix.MatrixDelegate</implementation>
			<requirements>
				<requirement>
					<role>com.dianping.cat.task.TaskManager</role>
				</requirement>
				<requirement>
					<role>com.dianping.cat.config.server.ServerFilterConfigManager</role>
				</requirement>
			</requirements>
		</component>
		<component>
			<role>com.dianping.cat.report.ReportManager</role>
			<role-hint>matrix</role-hint>
			<implementation>com.dianping.cat.report.DefaultReportManager</implementation>
			<instantiation-strategy>per-lookup</instantiation-strategy>
			<configuration>
				<name>matrix</name>
			</configuration>
			<requirements>
				<requirement>
					<role>com.dianping.cat.report.ReportDelegate</role>
					<role-hint>matrix</role-hint>
				</requirement>
				<requirement>
					<role>com.dianping.cat.report.ReportBucketManager</role>
				</requirement>
				<requirement>
					<role>com.dianping.cat.core.dal.HourlyReportDao</role>
				</requirement>
				<requirement>
					<role>com.dianping.cat.core.dal.HourlyReportContentDao</role>
				</requirement>
				<requirement>
					<role>com.dianping.cat.report.DomainValidator</role>
				</requirement>
			</requirements>
		</component>
		<component>
			<role>com.dianping.cat.analysis.MessageAnalyzer</role>
			<role-hint>dependency</role-hint>
			<implementation>com.dianping.cat.consumer.dependency.DependencyAnalyzer</implementation>
			<instantiation-strategy>per-lookup</instantiation-strategy>
			<requirements>
				<requirement>
					<role>com.dianping.cat.report.ReportManager</role>
					<role-hint>dependency</role-hint>
				</requirement>
				<requirement>
					<role>com.dianping.cat.config.server.ServerFilterConfigManager</role>
				</requirement>
				<requirement>
					<role>com.dianping.cat.consumer.DatabaseParser</role>
				</requirement>
				<requirement>
					<role>com.dianping.cat.config.server.ServerConfigManager</role>
				</requirement>
			</requirements>
		</component>
		<component>
			<role>com.dianping.cat.report.ReportDelegate</role>
			<role-hint>dependency</role-hint>
			<implementation>com.dianping.cat.consumer.dependency.DependencyDelegate</implementation>
			<requirements>
				<requirement>
					<role>com.dianping.cat.task.TaskManager</role>
				</requirement>
			</requirements>
		</component>
		<component>
			<role>com.dianping.cat.consumer.DatabaseParser</role>
			<implementation>com.dianping.cat.consumer.DatabaseParser</implementation>
		</component>
		<component>
			<role>com.dianping.cat.report.ReportManager</role>
			<role-hint>dependency</role-hint>
			<implementation>com.dianping.cat.report.DefaultReportManager</implementation>
			<instantiation-strategy>per-lookup</instantiation-strategy>
			<configuration>
				<name>dependency</name>
			</configuration>
			<requirements>
				<requirement>
					<role>com.dianping.cat.report.ReportDelegate</role>
					<role-hint>dependency</role-hint>
				</requirement>
				<requirement>
					<role>com.dianping.cat.report.ReportBucketManager</role>
				</requirement>
				<requirement>
					<role>com.dianping.cat.core.dal.HourlyReportDao</role>
				</requirement>
				<requirement>
					<role>com.dianping.cat.core.dal.HourlyReportContentDao</role>
				</requirement>
				<requirement>
					<role>com.dianping.cat.report.DomainValidator</role>
				</requirement>
			</requirements>
		</component>
		<component>
			<role>com.dianping.cat.consumer.storage.StorageReportUpdater</role>
			<implementation>com.dianping.cat.consumer.storage.StorageReportUpdater</implementation>
		</component>
		<component>
			<role>com.dianping.cat.consumer.storage.builder.StorageBuilderManager</role>
			<implementation>com.dianping.cat.consumer.storage.builder.StorageBuilderManager</implementation>
		</component>
		<component>
			<role>com.dianping.cat.consumer.storage.builder.StorageBuilder</role>
			<role-hint>SQL</role-hint>
			<implementation>com.dianping.cat.consumer.storage.builder.StorageSQLBuilder</implementation>
			<requirements>
				<requirement>
					<role>com.dianping.cat.consumer.DatabaseParser</role>
				</requirement>
			</requirements>
		</component>
		<component>
			<role>com.dianping.cat.consumer.storage.builder.StorageBuilder</role>
			<role-hint>Cache</role-hint>
			<implementation>com.dianping.cat.consumer.storage.builder.StorageCacheBuilder</implementation>
		</component>
		<component>
			<role>com.dianping.cat.consumer.storage.builder.StorageBuilder</role>
			<role-hint>RPC</role-hint>
			<implementation>com.dianping.cat.consumer.storage.builder.StorageRPCBuilder</implementation>
		</component>
		<component>
			<role>com.dianping.cat.analysis.MessageAnalyzer</role>
			<role-hint>storage</role-hint>
			<implementation>com.dianping.cat.consumer.storage.StorageAnalyzer</implementation>
			<instantiation-strategy>per-lookup</instantiation-strategy>
			<requirements>
				<requirement>
					<role>com.dianping.cat.report.ReportManager</role>
					<role-hint>storage</role-hint>
				</requirement>
				<requirement>
					<role>com.dianping.cat.consumer.DatabaseParser</role>
				</requirement>
				<requirement>
					<role>com.dianping.cat.consumer.storage.StorageReportUpdater</role>
				</requirement>
				<requirement>
					<role>com.dianping.cat.config.server.ServerConfigManager</role>
				</requirement>
			</requirements>
		</component>
		<component>
			<role>com.dianping.cat.report.ReportDelegate</role>
			<role-hint>storage</role-hint>
			<implementation>com.dianping.cat.consumer.storage.StorageDelegate</implementation>
			<requirements>
				<requirement>
					<role>com.dianping.cat.task.TaskManager</role>
				</requirement>
				<requirement>
					<role>com.dianping.cat.config.server.ServerFilterConfigManager</role>
				</requirement>
				<requirement>
					<role>com.dianping.cat.consumer.storage.StorageReportUpdater</role>
				</requirement>
			</requirements>
		</component>
		<component>
			<role>com.dianping.cat.report.ReportManager</role>
			<role-hint>storage</role-hint>
			<implementation>com.dianping.cat.report.DefaultReportManager</implementation>
			<instantiation-strategy>per-lookup</instantiation-strategy>
			<configuration>
				<name>storage</name>
			</configuration>
			<requirements>
				<requirement>
					<role>com.dianping.cat.report.ReportDelegate</role>
					<role-hint>storage</role-hint>
				</requirement>
				<requirement>
					<role>com.dianping.cat.report.ReportBucketManager</role>
				</requirement>
				<requirement>
					<role>com.dianping.cat.core.dal.HourlyReportDao</role>
				</requirement>
				<requirement>
					<role>com.dianping.cat.core.dal.HourlyReportContentDao</role>
				</requirement>
				<requirement>
					<role>com.dianping.cat.report.DomainValidator</role>
				</requirement>
			</requirements>
		</component>
		<component>
			<role>com.dianping.cat.analysis.MessageAnalyzer</role>
			<role-hint>business</role-hint>
			<implementation>com.dianping.cat.consumer.business.BusinessAnalyzer</implementation>
			<instantiation-strategy>per-lookup</instantiation-strategy>
			<requirements>
				<requirement>
					<role>com.dianping.cat.report.ReportManager</role>
					<role-hint>business</role-hint>
				</requirement>
				<requirement>
					<role>com.dianping.cat.config.business.BusinessConfigManager</role>
				</requirement>
				<requirement>
					<role>com.dianping.cat.config.server.ServerConfigManager</role>
				</requirement>
			</requirements>
		</component>
		<component>
			<role>com.dianping.cat.report.ReportDelegate</role>
			<role-hint>business</role-hint>
			<implementation>com.dianping.cat.consumer.business.BusinessDelegate</implementation>
			<requirements>
				<requirement>
					<role>com.dianping.cat.task.TaskManager</role>
				</requirement>
			</requirements>
		</component>
		<component>
			<role>com.dianping.cat.report.ReportManager</role>
			<role-hint>business</role-hint>
			<implementation>com.dianping.cat.report.DefaultReportManager</implementation>
			<instantiation-strategy>per-lookup</instantiation-strategy>
			<configuration>
				<name>business</name>
			</configuration>
			<requirements>
				<requirement>
					<role>com.dianping.cat.report.ReportDelegate</role>
					<role-hint>business</role-hint>
				</requirement>
				<requirement>
					<role>com.dianping.cat.report.ReportBucketManager</role>
				</requirement>
				<requirement>
					<role>com.dianping.cat.core.dal.HourlyReportDao</role>
				</requirement>
				<requirement>
					<role>com.dianping.cat.core.dal.HourlyReportContentDao</role>
				</requirement>
				<requirement>
					<role>com.dianping.cat.report.DomainValidator</role>
				</requirement>
			</requirements>
		</component>
		<component>
			<role>com.dianping.cat.config.AtomicMessageConfigManager</role>
			<implementation>com.dianping.cat.config.AtomicMessageConfigManager</implementation>
			<requirements>
				<requirement>
					<role>com.dianping.cat.core.config.ConfigDao</role>
				</requirement>
				<requirement>
					<role>com.dianping.cat.config.content.ContentFetcher</role>
				</requirement>
			</requirements>
		</component>
		<component>
			<role>com.dianping.cat.config.server.ServerConfigManager</role>
			<implementation>com.dianping.cat.config.server.ServerConfigManager</implementation>
			<requirements>
				<requirement>
					<role>com.dianping.cat.core.config.ConfigDao</role>
				</requirement>
				<requirement>
					<role>com.dianping.cat.config.content.ContentFetcher</role>
				</requirement>
			</requirements>
		</component>
		<component>
			<role>com.dianping.cat.config.transaction.TpValueStatisticConfigManager</role>
			<implementation>com.dianping.cat.config.transaction.TpValueStatisticConfigManager</implementation>
			<requirements>
				<requirement>
					<role>com.dianping.cat.core.config.ConfigDao</role>
				</requirement>
				<requirement>
					<role>com.dianping.cat.config.content.ContentFetcher</role>
				</requirement>
				<requirement>
					<role>com.dianping.cat.config.server.ServerConfigManager</role>
				</requirement>
			</requirements>
		</component>
		<component>
			<role>com.dianping.cat.consumer.config.AllReportConfigManager</role>
			<implementation>com.dianping.cat.consumer.config.AllReportConfigManager</implementation>
			<requirements>
				<requirement>
					<role>com.dianping.cat.core.config.ConfigDao</role>
				</requirement>
				<requirement>
					<role>com.dianping.cat.config.content.ContentFetcher</role>
				</requirement>
			</requirements>
		</component>
		<component>
			<role>org.unidal.initialization.Module</role>
			<role-hint>cat-consumer</role-hint>
			<implementation>com.dianping.cat.consumer.CatConsumerModule</implementation>
		</component>
	</components>
</plexus>
