<?xml version="1.0" encoding="UTF-8"?>
<model model-package="com.dianping.cat.alarm.receiver"
	enable-sax-parser="true" enable-xml-parser="true" enable-xml-builder="true">
	<entity name="alert-config" root="true">
		<attribute name="enable" value-type="boolean" />
		<entity-ref name="receiver" type="map" names="receivers"
			method-find-or-create='true' />
	</entity>
	<entity name="receiver">
		<attribute name="id" value-type="String" key="true" />
		<attribute name="enable" value-type="boolean" />
		<element name="email" value-type="String" type="list" names="emails" />
    	<element name="dx" value-type="String" type="list" names="dxs" />
		<element name="phone" value-type="String" type="list" names="phones" />
		<element name="weixin" value-type="String" type="list" names="weixins" />
	</entity>
</model>

