<?xml version="1.0" encoding="utf-8"?>
<monitor-rules>
   <rule id="DemoProject1:Metric:DemoMetric1">
      <metric-item monitorCount="true" monitorSum="true" monitorAvg="true" metricItemText="SearchShop:Metric:arts-shop-sc"></metric-item>
      <config starttime="00:00" endtime="24:00">
         <condition minute="3">
            <sub-condition type="DescVal" text="100.0"></sub-condition>
            <sub-condition type="DescPer" text="75.0"></sub-condition>
         </condition>
      </config>
   </rule>
</monitor-rules>
